"year","lat.lon","lo","tempadj","gdd","site"
1951,"48.4333 10.4167",120,5.27557365257354,321.809992806986,1
1951,"48.5833 12.1833",111,5.1780326711472,315.859992939979,2
1951,"48.7167 9.21667",110,5.59983594040768,341.589992364868,3
1951,"48.8333 12.9667",110,4.85377038331305,296.079993382096,4
1951,"48.8833 12.6",117,5.71540970831621,348.639992207289,5
1951,"49.1667 11.45",111,4.87852448112041,297.589993348345,6
1951,"49.3333 10.8",115,5.14999988488853,314.1499929782,7
1951,"49.4 11.4",115,5.0301638219933,306.839993141591,8
1951,"49.45 10.3167",144,4.93180316845413,300.839993275702,9
1951,"49.4667 9.58333",116,5.45377036990201,332.679992564022,10
1951,"49.7167 10.2167",113,5.7319670849953,349.649992184713,11
1951,"49.95 11.1667",121,5.0467211986724,307.849993119016,12
1951,"50 8.71667",109,6.59540968864667,402.319991007447,13
1951,"50.3 10.4667",124,4.82196710533539,294.139993425459,14
1951,"50.4167 10.3833",110,4.82196710533539,294.139993425459,15
1951,"50.5167 8.81667",109,4.85098349812945,295.909993385896,16
1951,"52.4 9.45",143,5.21114742450538,317.879992894828,17
1952,"48.4333 10.4167",117,6.86377033838605,418.689990641549,1
1952,"48.5833 12.1833",108,6.49770477279777,396.359991140664,2
1952,"48.7167 9.21667",99,7.48704901297928,456.709989791736,3
1952,"48.8333 12.9667",111,5.90065560581498,359.939991954714,4
1952,"48.8833 12.6",107,6.90655722267559,421.299990583211,5
1952,"49.1667 11.45",108,6.51540969043482,397.439991116524,6
1952,"49.3333 10.8",112,6.87049164971123,419.099990632385,7
1952,"49.4 11.4",109,6.70524575176542,409.01999085769,8
1952,"49.45 10.3167",108,6.79163919245732,414.289990739897,9
1952,"49.4667 9.58333",103,7.3655736058584,449.299989957363,10
1952,"49.7167 10.2167",104,7.52295065152108,458.899989742786,11
1952,"49.95 11.1667",111,6.72147525959938,410.009990835562,12
1952,"50 8.71667",103,8.71704898548663,531.739988114685,13
1952,"50.3 10.4667",127,6.96967197536323,425.149990497157,14
1952,"50.4167 10.3833",109,6.96967197536323,425.149990497157,15
1952,"50.5167 8.81667",106,7.10836049685346,433.609990308061,16
1952,"52.4 9.45",106,7.02475394134517,428.509990422055,17
1953,"48.4333 10.4167",125,6.76819657003049,412.85999077186,1
1953,"48.5833 12.1833",111,6.54868837821557,399.46999107115,2
1953,"48.7167 9.21667",94,7.42540967009473,452.949989875778,3
1953,"48.8333 12.9667",93,6.30032772802916,384.319991409778,4
1953,"48.8833 12.6",100,7.27459000133467,443.749990081415,5
1953,"49.1667 11.45",100,6.71540968596447,409.639990843832,6
1953,"49.3333 10.8",103,7.05081951453305,430.099990386516,7
1953,"49.4 11.4",96,7.18049164278219,438.009990209713,8
1953,"49.45 10.3167",93,6.99442607317059,426.659990463406,9
1953,"49.4667 9.58333",93,7.1795080362468,437.949990211055,10
1953,"49.7167 10.2167",101,7.643278517684,466.239989578724,11
1953,"49.95 11.1667",116,7.24032770701852,441.65999012813,12
1953,"50 8.71667",93,8.72934406717903,532.489988097921,13
1953,"50.3 10.4667",130,7.22131131400095,440.499990154058,14
1953,"50.4167 10.3833",99,7.22131131400095,440.499990154058,15
1953,"50.5167 8.81667",92,7.38639327752419,450.569989928976,16
1953,"52.4 9.45",98,7.03163918709291,428.929990412667,17
1954,"48.4333 10.4167",128,5.12819660668735,312.819993007928,1
1954,"48.5833 12.1833",119,5.22262283408495,318.579992879182,2
1954,"48.7167 9.21667",118,5.61868839900269,342.739992339164,3
1954,"48.8333 12.9667",118,4.84245890815605,295.389993397519,4
1954,"48.8833 12.6",114,5.92065560536795,361.159991927445,5
1954,"49.1667 11.45",121,4.92836054558026,300.629993280396,6
1954,"49.3333 10.8",124,5.36442610960392,327.229992685839,7
1954,"49.4 11.4",126,5.05344250999758,308.259993109852,8
1954,"49.45 10.3167",117,5.13540972128022,313.259992998093,9
1954,"49.4667 9.58333",124,5.74491790437796,350.439992167056,10
1954,"49.7167 10.2167",118,6.06327855299975,369.859991732985,11
1954,"49.95 11.1667",119,5.14327857356335,313.739992987365,12
1954,"50 8.71667",113,7.46213098074936,455.189989825711,13
1954,"50.3 10.4667",134,5.23819660422866,319.529992857948,14
1954,"50.4167 10.3833",120,5.23819660422866,319.529992857948,15
1954,"50.5167 8.81667",119,5.79491790326037,353.489992098883,16
1954,"52.4 9.45",125,5.29475398001368,322.979992780834,17
1955,"48.4333 10.4167",117,4.64442612569718,283.309993667528,1
1955,"48.5833 12.1833",121,4.27377039627706,260.699994172901,2
1955,"48.7167 9.21667",118,5.04737693636266,307.889993118122,3
1955,"48.8333 12.9667",122,3.6870490979159,224.90999497287,4
1955,"48.8833 12.6",121,4.6296720276663,282.409993687645,5
1955,"49.1667 11.45",120,4.3090162971286,262.849994124845,6
1955,"49.3333 10.8",121,4.622622847496,281.979993697256,7
1955,"49.4 11.4",124,4.39459006570768,268.069994008169,8
1955,"49.45 10.3167",120,4.48655727676681,273.679993882775,9
1955,"49.4667 9.58333",122,4.95901628259997,302.499993238598,10
1955,"49.7167 10.2167",118,5.33114742182317,325.199992731214,11
1955,"49.95 11.1667",121,4.36688514829415,266.379994045943,12
1955,"50 8.71667",118,6.26622936813558,382.23999145627,13
1955,"50.3 10.4667",138,4.51278678437725,275.279993847013,14
1955,"50.4167 10.3833",122,4.51278678437725,275.279993847013,15
1955,"50.5167 8.81667",120,4.75081956594205,289.799993522465,16
1955,"52.4 9.45",122,4.729344156586,288.489993551746,17
1956,"48.4333 10.4167",130,4.97688513465959,303.589993214235,1
1956,"48.5833 12.1833",120,4.7454097299974,289.469993529841,2
1956,"48.7167 9.21667",115,5.4108195511899,330.059992622584,3
1956,"48.8333 12.9667",116,4.36163924677206,266.059994053096,4
1956,"48.8833 12.6",110,5.1024589023446,311.24999304302,5
1956,"49.1667 11.45",126,4.40606547528725,268.769993992522,6
1956,"49.3333 10.8",128,4.66901628908198,284.809993634,7
1956,"49.4 11.4",128,4.37065564001315,266.609994040802,8
1956,"49.45 10.3167",112,4.56393432421762,278.399993777275,9
1956,"49.4667 9.58333",123,5.29508184885881,322.999992780387,10
1956,"49.7167 10.2167",115,5.34409824120583,325.989992713556,11
1956,"49.95 11.1667",124,4.24377039694762,258.869994213805,12
1956,"50 8.71667",115,6.70999985001981,409.309990851209,13
1956,"50.3 10.4667",136,4.8011474336696,292.869993453845,14
1956,"50.4167 10.3833",123,4.8011474336696,292.869993453845,15
1956,"50.5167 8.81667",115,5.12475398381348,312.609993012622,16
1956,"52.4 9.45",124,4.36065564023667,265.999994054437,17
1957,"48.4333 10.4167",117,7.07803262867889,431.759990349412,1
1957,"48.5833 12.1833",104,6.98688508973259,426.199990473688,2
1957,"48.7167 9.21667",86,7.86704900448562,479.889989273623,3
1957,"48.8333 12.9667",98,6.55590149280844,399.909991061315,4
1957,"48.8833 12.6",105,7.41360639167003,452.229989891872,5
1957,"49.1667 11.45",109,6.70032771908846,408.719990864396,6
1957,"49.3333 10.8",118,7.11065557876938,433.749990304932,7
1957,"49.4 11.4",113,6.92557361569317,422.459990557283,8
1957,"49.45 10.3167",105,6.93327853355373,422.929990546778,9
1957,"49.4667 9.58333",108,7.27606541113775,443.839990079403,10
1957,"49.7167 10.2167",103,7.71573753245785,470.659989479929,11
1957,"49.95 11.1667",114,6.8663932891471,418.849990637973,12
1957,"50 8.71667",98,8.95508176705144,546.259987790138,13
1957,"50.3 10.4667",123,7.31245885294725,446.059990029782,14
1957,"50.4167 10.3833",112,7.31245885294725,446.059990029782,15
1957,"50.5167 8.81667",96,7.48672114413415,456.689989792183,16
1957,"52.4 9.45",106,7.35983590106862,448.949989965186,17
1958,"48.4333 10.4167",124,3.35573762991145,204.699995424598,1
1958,"48.5833 12.1833",120,3.27770484477037,199.939995530993,2
1958,"48.7167 9.21667",122,3.70786876958169,226.179994944483,3
1958,"48.8333 12.9667",125,2.84934419860727,173.809996115044,4
1958,"48.8833 12.6",118,3.62393434522826,221.059995058924,5
1958,"49.1667 11.45",127,3.11459009431791,189.989995753393,6
1958,"49.3333 10.8",130,3.43737697234896,209.679995313287,7
1958,"49.4 11.4",125,3.09721304552599,188.929995777085,8
1958,"49.45 10.3167",127,3.17901632238607,193.91999566555,9
1958,"49.4667 9.58333",123,3.63163926308883,221.529995048419,10
1958,"49.7167 10.2167",123,3.83573761918261,233.979994770139,11
1958,"49.95 11.1667",124,3.13377042175805,191.159995727241,12
1958,"50 8.71667",120,4.71819661585156,287.809993566945,13
1958,"50.3 10.4667",134,3.48459008604777,212.559995248914,14
1958,"50.4167 10.3833",123,3.48459008604777,212.559995248914,15
1958,"50.5167 8.81667",112,3.60803270623943,220.089995080605,16
1958,"52.4 9.45",123,3.51147533134847,214.199995212257,17
1959,"48.4333 10.4167",121,7.47163917725814,455.769989812747,1
1959,"48.5833 12.1833",95,7.19032770813611,438.609990196302,2
1959,"48.7167 9.21667",95,8.20655719361833,500.599988810718,3
1959,"48.8333 12.9667",96,6.90081951788581,420.949990591034,4
1959,"48.8833 12.6",95,7.91950801970651,483.089989202097,5
1959,"49.1667 11.45",102,7.45032770232466,454.469989841804,6
1959,"49.3333 10.8",105,7.70672113921677,470.109989492223,7
1959,"49.4 11.4",104,7.80032769450155,475.819989364594,8
1959,"49.45 10.3167",102,7.56508179812036,461.469989685342,9
1959,"49.4667 9.58333",105,8.06508178694449,491.969989003614,10
1959,"49.7167 10.2167",104,8.46934407299049,516.62998845242,11
1959,"49.95 11.1667",105,7.70180310653981,469.809989498928,12
1959,"50 8.71667",103,9.06770471535379,553.129987636581,13
1959,"50.3 10.4667",104,8.27868833954705,504.99998871237,14
1959,"50.4167 10.3833",105,8.27868833954705,504.99998871237,15
1959,"50.5167 8.81667",96,8.28885227374611,505.619988698512,16
1959,"52.4 9.45",106,8.23311457007391,502.219988774508,17
1960,"48.4333 10.4167",120,6.18622936992372,377.359991565347,1
1960,"48.5833 12.1833",100,6.05442609418122,369.319991745055,2
1960,"48.7167 9.21667",98,6.91393427169103,421.749990573153,3
1960,"48.8333 12.9667",102,5.55999987572432,339.159992419183,4
1960,"48.8833 12.6",100,6.50803264141938,396.989991126582,5
1960,"49.1667 11.45",106,5.97983593191402,364.769991846755,6
1960,"49.3333 10.8",110,6.44147526585787,392.92999121733,7
1960,"49.4 11.4",107,6.02393429158408,367.459991786629,8
1960,"49.45 10.3167",109,6.30377035090303,384.529991405085,9
1960,"49.4667 9.58333",111,6.7832785369065,413.779990751296,10
1960,"49.7167 10.2167",100,7.04377033436274,429.669990396127,11
1960,"49.95 11.1667",113,5.83016380411191,355.639992050827,12
1960,"50 8.71667",99,8.25049161886583,503.279988750815,13
1960,"50.3 10.4667",120,6.46508182270727,394.369991185144,14
1960,"50.4167 10.3833",101,6.46508182270727,394.369991185144,15
1960,"50.5167 8.81667",97,6.70524575176542,409.019990857691,16
1960,"52.4 9.45",108,6.243442483399,380.849991487339,17
1961,"48.4333 10.4167",118,8.0914752289775,493.579988967627,1
1961,"48.5833 12.1833",92,8.33934407589621,508.699988629669,2
1961,"48.7167 9.21667",88,8.60426210276172,524.859988268465,3
1961,"48.8333 12.9667",100,7.52065556960516,458.759989745915,4
1961,"48.8833 12.6",95,8.85426209717378,540.109987927601,5
1961,"49.1667 11.45",98,8.22131129164921,501.499988790602,6
1961,"49.3333 10.8",100,8.53163915356529,520.429988367483,7
1961,"49.4 11.4",99,8.42540964774298,513.949988512322,8
1961,"49.45 10.3167",100,8.3408194856993,508.789988627657,9
1961,"49.4667 9.58333",100,8.6303276759496,526.449988232925,10
1961,"49.7167 10.2167",96,9.15147520528465,558.239987522364,11
1961,"49.95 11.1667",97,8.02245883707751,489.369989061728,12
1961,"50 8.71667",95,9.50426208264515,579.759987041354,13
1961,"50.3 10.4667",106,8.54967194004747,521.529988342896,14
1961,"50.4167 10.3833",97,8.54967194004747,521.529988342896,15
1961,"50.5167 8.81667",94,8.51032767863181,519.12998839654,16
1961,"52.4 9.45",97,8.4952457117558,518.209988417104,17
1962,"48.4333 10.4167",122,4.89918021836364,298.849993320182,1
1962,"48.5833 12.1833",112,4.98393431482989,304.019993204623,2
1962,"48.7167 9.21667",112,5.18278676940159,316.149992933497,3
1962,"48.8333 12.9667",113,4.50426219440386,274.759993858635,4
1962,"48.8833 12.6",114,5.37295069957732,327.749992674217,5
1962,"49.1667 11.45",114,4.72114743545774,287.989993562922,6
1962,"49.3333 10.8",118,5.07524578819876,309.589993080124,7
1962,"49.4 11.4",115,4.83377038376009,294.859993409365,8
1962,"49.45 10.3167",115,4.84475399007196,295.52999339439,9
1962,"49.4667 9.58333",118,5.21754086698543,318.269992886111,10
1962,"49.7167 10.2167",108,5.40491791197755,329.699992630631,11
1962,"49.95 11.1667",118,4.74196710712352,289.259993534535,12
1962,"50 8.71667",114,5.96688511253136,363.979991864413,13
1962,"50.3 10.4667",130,4.8445900556494,295.519993394613,14
1962,"50.4167 10.3833",114,4.8445900556494,295.519993394613,15
1962,"50.5167 8.81667",113,4.73754087771426,288.98999354057,16
1962,"52.4 9.45",115,4.94163923380805,301.439993262291,17
1963,"48.4333 10.4167",120,5.79622937864089,353.569992097095,1
1963,"48.5833 12.1833",112,5.63770479202026,343.899992313236,2
1963,"48.7167 9.21667",110,6.59672116402719,402.399991005659,3
1963,"48.8333 12.9667",111,4.91983595560686,300.109993292019,4
1963,"48.8833 12.6",110,5.78918019847059,353.139992106706,5
1963,"49.1667 11.45",111,5.60524577635233,341.919992357492,6
1963,"49.3333 10.8",122,6.01754084910403,367.069991795346,7
1963,"49.4 11.4",118,5.80295068996607,353.979992087931,8
1963,"49.45 10.3167",118,5.79163921480907,353.289992103353,9
1963,"49.4667 9.58333",115,6.25639330278166,381.639991469681,10
1963,"49.7167 10.2167",116,6.49868837933315,396.419991139322,11
1963,"49.95 11.1667",122,5.50311463109416,335.689992496744,12
1963,"50 8.71667",106,7.44622934176052,454.219989847392,13
1963,"50.3 10.4667",124,5.70852446256847,348.219992216677,14
1963,"50.4167 10.3833",111,5.70852446256847,348.219992216677,15
1963,"50.5167 8.81667",109,6.13786871526696,374.409991631284,16
1963,"52.4 9.45",118,6.43311461030704,392.419991228729,17
1964,"48.4333 10.4167",118,5.68819659417037,346.979992244393,1
1964,"48.5833 12.1833",108,5.61672118593191,342.619992341846,2
1964,"48.7167 9.21667",108,6.1598359278907,375.749991601333,3
1964,"48.8333 12.9667",110,4.92999988980591,300.729993278161,4
1964,"48.8833 12.6",112,5.92163921190334,361.219991926104,5
1964,"49.1667 11.45",109,5.29967201269064,323.279992774129,6
1964,"49.3333 10.8",118,5.69524577434068,347.409992234781,7
1964,"49.4 11.4",111,5.34065561833196,325.779992718249,8
1964,"49.45 10.3167",114,5.434917911307,331.529992589727,9
1964,"49.4667 9.58333",118,6.0091801935532,366.559991806745,10
1964,"49.7167 10.2167",116,5.99885232493159,365.929991820827,11
1964,"49.95 11.1667",127,5.02950808430304,306.799993142486,12
1964,"50 8.71667",108,6.62688509777921,404.239990964532,13
1964,"50.3 10.4667",110,5.19196709706524,316.70999292098,14
1964,"50.4167 10.3833",110,5.19196709706524,316.70999292098,15
1964,"50.5167 8.81667",109,5.24606545651179,320.009992847219,16
1964,"52.4 9.45",110,5.31606545494717,324.279992751777,17
1965,"48.4333 10.4167",124,4.81590153170047,293.769993433729,1
1965,"48.5833 12.1833",122,4.82213103975795,294.149993425235,2
1965,"48.7167 9.21667",111,5.53885233521339,337.869992448017,3
1965,"48.8333 12.9667",115,3.98606548467498,243.149994565174,4
1965,"48.8833 12.6",105,5.18393431035954,316.219992931932,5
1965,"49.1667 11.45",122,4.67836055116819,285.37999362126,6
1965,"49.3333 10.8",129,4.97639333139189,303.559993214905,7
1965,"49.4 11.4",123,4.58540973357368,279.709993747994,8
1965,"49.45 10.3167",131,4.88360644821994,297.899993341416,9
1965,"49.4667 9.58333",127,5.41229496099299,330.149992620572,10
1965,"49.7167 10.2167",114,5.50360643436186,335.719992496073,11
1965,"49.95 11.1667",126,4.34245891933192,264.889994079247,12
1965,"50 8.71667",105,6.41622936478282,391.389991251752,13
1965,"50.3 10.4667",133,4.86852448134393,296.97999336198,14
1965,"50.4167 10.3833",124,4.86852448134393,296.97999336198,15
1965,"50.5167 8.81667",103,5.27065561989658,321.509992813691,16
1965,"52.4 9.45",111,5.51606545047682,336.479992479086,17
1966,"48.4333 10.4167",119,6.1560654361717,375.519991606474,1
1966,"48.5833 12.1833",106,6.33065559620373,386.169991368428,2
1966,"48.7167 9.21667",104,6.6359014910203,404.789990952238,3
1966,"48.8333 12.9667",100,5.57622938355828,340.149992397055,4
1966,"48.8833 12.6",110,6.94918017254257,423.899990525097,5
1966,"49.1667 11.45",110,6.03622937327648,368.209991769865,6
1966,"49.3333 10.8",117,6.42786870878495,392.099991235882,7
1966,"49.4 11.4",112,5.97180314520832,364.279991857707,8
1966,"49.45 10.3167",106,6.10918019131803,372.6599916704,9
1966,"49.4667 9.58333",115,6.61540968819964,403.539990980178,10
1966,"49.7167 10.2167",107,6.78622935651267,413.959990747273,11
1966,"49.95 11.1667",116,5.67950806977441,346.449992256239,12
1966,"50 8.71667",102,7.61278671508685,464.379989620298,13
1966,"50.3 10.4667",123,6.22868838536813,379.949991507456,14
1966,"50.4167 10.3833",110,6.22868838536813,379.949991507456,15
1966,"50.5167 8.81667",103,6.30622936724151,384.679991401732,16
1966,"52.4 9.45",114,6.37622936567689,388.94999130629,17
1967,"48.4333 10.4167",123,5.61688512035447,342.629992341623,1
1967,"48.5833 12.1833",102,5.66950806999793,345.839992269874,2
1967,"48.7167 9.21667",106,6.2273769099876,379.869991509244,3
1967,"48.8333 12.9667",104,4.73213104176961,288.659993547946,4
1967,"48.8833 12.6",108,6.18934412395246,377.5499915611,5
1967,"49.1667 11.45",109,5.39540971546877,329.119992643595,6
1967,"49.3333 10.8",122,5.80081954247272,353.849992090836,7
1967,"49.4 11.4",119,5.30049168480346,323.329992773011,8
1967,"49.45 10.3167",108,5.63049167742739,343.459992323071,9
1967,"49.4667 9.58333",117,6.30245887552251,384.449991406873,10
1967,"49.7167 10.2167",113,6.54295067342578,399.119991078973,11
1967,"49.95 11.1667",118,5.12622939361656,312.69999301061,12
1967,"50 8.71667",103,7.77770474418754,474.43998939544,13
1967,"50.3 10.4667",132,5.85426216422901,357.109992017969,14
1967,"50.4167 10.3833",110,5.85426216422901,357.109992017969,15
1967,"50.5167 8.81667",103,6.00131134127007,366.079991817474,16
1967,"52.4 9.45",121,6.43278674146191,392.399991229177,17
1968,"48.4333 10.4167",114,6.69836050601768,408.599990867078,1
1968,"48.5833 12.1833",107,6.48622936321819,395.65999115631,2
1968,"48.7167 9.21667",107,7.21852442881733,440.329990157857,3
1968,"48.8333 12.9667",97,5.69704905298889,347.519992232323,4
1968,"48.8833 12.6",113,7.01311459734303,427.799990437925,5
1968,"49.1667 11.45",110,6.24196707359592,380.759991489351,6
1968,"49.3333 10.8",113,6.40180313559707,390.509991271421,7
1968,"49.4 11.4",110,6.03901625846009,368.379991766065,8
1968,"49.45 10.3167",109,6.43442608568757,392.499991226942,9
1968,"49.4667 9.58333",109,6.85163919111622,417.94999065809,10
1968,"49.7167 10.2167",107,7.06180312084492,430.76999037154,11
1968,"49.95 11.1667",115,5.86754085245679,357.919991999865,12
1968,"50 8.71667",107,8.13426211326703,496.189988909289,13
1968,"50.3 10.4667",130,6.36459002167475,388.23999132216,14
1968,"50.4167 10.3833",110,6.36459002167475,388.23999132216,15
1968,"50.5167 8.81667",106,6.68245886702884,407.629990888759,16
1968,"52.4 9.45",109,7.5865572074764,462.779989656061,17
1969,"48.4333 10.4167",124,4.87803267785272,297.559993349016,1
1969,"48.5833 12.1833",117,5.02721300238713,306.659993145615,2
1969,"48.7167 9.21667",118,5.29311463578803,322.87999278307,3
1969,"48.8333 12.9667",116,4.27081957667089,260.519994176924,4
1969,"48.8833 12.6",121,5.36836053574549,327.469992680475,5
1969,"49.1667 11.45",119,4.50409825998129,274.749993858859,6
1969,"49.3333 10.8",127,4.78999989293515,292.189993469044,7
1969,"49.4 11.4",118,4.35016383719249,265.359994068742,8
1969,"49.45 10.3167",110,4.59229497932142,280.129993738607,9
1969,"49.4667 9.58333",118,5.05262283788475,308.20999311097,10
1969,"49.7167 10.2167",120,5.313114635341,324.099992755801,11
1969,"49.95 11.1667",124,4.08999990858138,249.489994423464,12
1969,"50 8.71667",116,6.10918019131803,372.6599916704,13
1969,"50.3 10.4667",129,4.15426220222697,253.409994335845,14
1969,"50.4167 10.3833",121,4.15426220222697,253.409994335845,15
1969,"50.5167 8.81667",110,4.45278678571836,271.61999392882,16
1969,"52.4 9.45",121,4.07114744998637,248.339994449168,17
1970,"48.4333 10.4167",133,3.84081958628214,234.28999476321,1
1970,"48.5833 12.1833",118,4.02573761493578,245.569994511083,2
1970,"48.7167 9.21667",124,4.25311465903384,259.439994201064,3
1970,"48.8333 12.9667",117,3.03557370264144,185.169995861128,4
1970,"48.8833 12.6",115,4.34786875527657,265.219994071871,5
1970,"49.1667 11.45",125,3.62836057463753,221.329995052889,6
1970,"49.3333 10.8",133,3.93032778100278,239.74999464117,7
1970,"49.4 11.4",127,3.50557369213612,213.839995220304,8
1970,"49.45 10.3167",125,3.79409827585103,231.439994826913,9
1970,"49.4667 9.58333",125,4.24803269193431,259.129994207993,10
1970,"49.7167 10.2167",117,4.55049170156727,277.579993795603,11
1970,"49.95 11.1667",126,3.16229501128441,192.899995688349,12
1970,"50 8.71667",107,5.43901627187113,331.779992584139,13
1970,"50.3 10.4667",135,3.53081959321118,215.379995185882,14
1970,"50.4167 10.3833",127,3.53081959321118,215.379995185882,15
1970,"50.5167 8.81667",115,3.93065564984792,239.769994640723,16
1970,"52.4 9.45",127,3.97508187836311,242.47999458015,17
1971,"48.4333 10.4167",125,5.61131134998725,342.289992349222,1
1971,"48.5833 12.1833",101,5.76754085469197,351.81999213621,2
1971,"48.7167 9.21667",108,6.45114739678922,393.519991204143,3
1971,"48.8333 12.9667",107,5.26704906260014,321.289992818609,4
1971,"48.8833 12.6",102,6.42311461053056,391.809991242364,5
1971,"49.1667 11.45",107,5.69786872510173,347.569992231205,6
1971,"49.3333 10.8",114,5.93688511320191,362.149991905317,7
1971,"49.4 11.4",108,5.50278676224903,335.669992497191,8
1971,"49.45 10.3167",109,5.97098347309549,364.229991858825,9
1971,"49.4667 9.58333",106,6.11868838782682,373.239991657436,10
1971,"49.7167 10.2167",108,6.42639329898187,392.009991237894,11
1971,"49.95 11.1667",117,5.15475398314292,314.439992971718,12
1971,"50 8.71667",105,7.10573754609242,433.449990311638,13
1971,"50.3 10.4667",127,5.50114741802338,335.569992499426,14
1971,"50.4167 10.3833",108,5.50114741802338,335.569992499426,15
1971,"50.5167 8.81667",108,5.71032774121668,348.329992214218,16
1971,"52.4 9.45",113,5.57032774434593,339.789992405102,17
1972,"48.4333 10.4167",125,6.32245887507547,385.669991379604,1
1972,"48.5833 12.1833",95,6.55786870587923,400.029991058633,2
1972,"48.7167 9.21667",101,7.03065558055752,428.869990414009,3
1972,"48.8333 12.9667",100,6.15786871481992,375.629991604015,4
1972,"48.8833 12.6",100,7.07459000580502,431.549990354106,5
1972,"49.1667 11.45",107,6.22114740193012,379.489991517737,6
1972,"49.3333 10.8",123,6.52262280502769,397.879991106689,7
1972,"49.4 11.4",101,6.04327855344679,368.639991760254,8
1972,"49.45 10.3167",107,6.4616391998334,394.159991189837,9
1972,"49.4667 9.58333",96,6.83819656846587,417.129990676418,10
1972,"49.7167 10.2167",111,7.16934410204775,437.329990224913,11
1972,"49.95 11.1667",117,5.78131134618746,352.659992117435,12
1972,"50 8.71667",100,7.89147523344785,481.379989240319,13
1972,"50.3 10.4667",138,6.22868838536813,379.949991507456,14
1972,"50.4167 10.3833",108,6.22868838536813,379.949991507456,15
1972,"50.5167 8.81667",108,6.42672116782699,392.029991237447,16
1972,"52.4 9.45",109,6.70147526004642,408.789990862832,17
1973,"48.4333 10.4167",125,3.94704909210444,240.769994618371,1
1973,"48.5833 12.1833",120,4.06147531905502,247.749994462356,2
1973,"48.7167 9.21667",120,4.58754088106703,279.839993745089,3
1973,"48.8333 12.9667",116,3.43409828389766,209.479995317757,4
1973,"48.8833 12.6",110,4.71885235354182,287.849993566051,5
1973,"49.1667 11.45",120,3.8457376189591,234.589994756505,6
1973,"49.3333 10.8",129,4.24491793790557,258.93999421224,7
1973,"49.4 11.4",122,3.70704909746886,226.129994945601,8
1973,"49.45 10.3167",124,4.11786876041747,251.189994385466,9
1973,"49.4667 9.58333",119,4.63426219149813,282.689993681386,10
1973,"49.7167 10.2167",118,5.17311463847024,315.559992946684,11
1973,"49.95 11.1667",124,3.47803270914516,212.159995257854,12
1973,"50 8.71667",112,6.45491788850822,393.749991199002,13
1973,"50.3 10.4667",137,4.29081957622385,261.739994149655,14
1973,"50.4167 10.3833",122,4.29081957622385,261.739994149655,15
1973,"50.5167 8.81667",138,4.89114743165794,298.359993331134,16
1973,"52.4 9.45",124,5.23491791577735,319.329992862418,17
1974,"48.4333 10.4167",112,6.93508181220195,423.039990544319,1
1974,"48.5833 12.1833",88,7.21131131422447,439.889990167692,2
1974,"48.7167 9.21667",91,7.56622933907832,461.539989683777,3
1974,"48.8333 12.9667",90,6.9018031244212,421.009990589693,4
1974,"48.8833 12.6",91,8.09278670435802,493.659988965839,5
1974,"49.1667 11.45",93,6.92983591067987,422.719990551472,6
1974,"49.3333 10.8",94,7.14721295500144,435.979990255088,7
1974,"49.4 11.4",92,6.71278673520342,409.479990847408,8
1974,"49.45 10.3167",95,7.22475393687482,440.709990149364,9
1974,"49.4667 9.58333",91,7.52065556960516,458.759989745915,10
1974,"49.7167 10.2167",90,7.65049163227687,466.679989568889,11
1974,"49.95 11.1667",96,6.40868838134481,390.929991262034,12
1974,"50 8.71667",92,8.82950799936643,538.599987961352,13
1974,"50.3 10.4667",105,7.03754082630526,429.289990404621,14
1974,"50.4167 10.3833",95,7.03754082630526,429.289990404621,15
1974,"50.5167 8.81667",103,7.25098344448526,442.309990113601,16
1974,"52.4 9.45",98,7.03508180996678,429.139990407974,17
1975,"48.4333 10.4167",128,5.20885234258947,317.739992897958,1
1975,"48.5833 12.1833",114,5.29147529156237,322.779992785305,2
1975,"48.7167 9.21667",113,5.66163921771479,345.359992280602,3
1975,"48.8333 12.9667",113,4.80999989248812,293.409993441775,4
1975,"48.8833 12.6",115,5.94999986700714,362.949991887435,5
1975,"49.1667 11.45",117,4.95196710242966,302.069993248209,6
1975,"49.3333 10.8",121,5.49344250016281,335.099992509931,7
1975,"49.4 11.4",118,4.83852448201448,295.149993402883,8
1975,"49.45 10.3167",119,5.29639332423933,323.079992778599,9
1975,"49.4667 9.58333",114,5.7877047886675,353.049992108718,10
1975,"49.7167 10.2167",114,6.1083605192052,372.609991671517,11
1975,"49.95 11.1667",120,4.64491792896488,283.339993666857,12
1975,"50 8.71667",113,7.19327852774228,438.789990192279,13
1975,"50.3 10.4667",127,5.21524578506951,318.12999288924,14
1975,"50.4167 10.3833",117,5.21524578506951,318.12999288924,15
1975,"50.5167 8.81667",105,5.51491790951886,336.409992480651,16
1975,"52.4 9.45",120,5.70770479045564,348.169992217794,17
1976,"48.4333 10.4167",132,4.99786874074794,304.869993185624,1
1976,"48.5833 12.1833",110,4.85704907176436,296.279993377626,2
1976,"48.7167 9.21667",108,5.69885233163712,347.629992229864,3
1976,"48.8333 12.9667",109,4.30311465791625,262.489994132891,4
1976,"48.8833 12.6",114,5.49327856574024,335.089992510155,5
1976,"49.1667 11.45",110,4.69672120649551,286.499993596226,6
1976,"49.3333 10.8",120,4.9985244784382,304.90999318473,7
1976,"49.4 11.4",121,4.38999990187585,267.789994014427,8
1976,"49.45 10.3167",102,5.02491792047122,306.519993148744,9
1976,"49.4667 9.58333",109,5.26639332490988,321.249992819503,10
1976,"49.7167 10.2167",110,5.60868839922621,342.129992352799,11
1976,"49.95 11.1667",113,4.02934417223222,245.789994506165,12
1976,"50 8.71667",109,6.82377033928012,416.249990696087,13
1976,"50.3 10.4667",127,4.62934415882117,282.389993688092,14
1976,"50.4167 10.3833",109,4.62934415882117,282.389993688092,15
1976,"50.5167 8.81667",109,5.08049168972085,309.909993072972,16
1976,"52.4 9.45",121,4.8011474336696,292.869993453845,17
1977,"48.4333 10.4167",128,6.22245887731065,379.569991515949,1
1977,"48.5833 12.1833",84,6.247212975118,381.079991482198,2
1977,"48.7167 9.21667",108,6.77836050422954,413.479990758002,3
1977,"48.8333 12.9667",98,5.57950807200959,340.349992392585,4
1977,"48.8833 12.6",114,6.76508181600175,412.669990776107,5
1977,"49.1667 11.45",95,5.85868839363827,357.379992011935,6
1977,"49.3333 10.8",118,6.26557363044532,382.199991457164,7
1977,"49.4 11.4",119,5.66803266019484,345.749992271885,8
1977,"49.45 10.3167",114,6.15491789521375,375.449991608039,9
1977,"49.4667 9.58333",96,6.50278673989729,396.669991133735,10
1977,"49.7167 10.2167",108,6.93819656623069,423.229990540072,11
1977,"49.95 11.1667",114,5.4070490594709,329.829992627725,12
1977,"50 8.71667",102,7.60409819069089,463.849989632145,13
1977,"50.3 10.4667",120,6.05196707784275,369.169991748408,14
1977,"50.4167 10.3833",113,6.05196707784275,369.169991748408,15
1977,"50.5167 8.81667",124,6.15295068214296,375.329991610721,16
1977,"52.4 9.45",122,6.37131133299993,388.649991312996,17
1978,"48.4333 10.4167",131,5.66327856194045,345.459992278367,1
1978,"48.5833 12.1833",103,5.50983594241934,336.09999248758,2
1978,"48.7167 9.21667",114,6.35770477592701,387.819991331547,3
1978,"48.8333 12.9667",118,4.59278678258911,280.159993737936,4
1978,"48.8833 12.6",121,6.15147527233988,375.239991612732,5
1978,"49.1667 11.45",116,5.3914752893272,328.879992648959,6
1978,"49.3333 10.8",121,6.01524576718812,366.929991798475,7
1978,"49.4 11.4",115,5.12819660668735,312.819993007928,8
1978,"49.45 10.3167",118,5.92885232649621,361.659991916269,9
1978,"49.4667 9.58333",114,6.48295067476689,395.45999116078,10
1978,"49.7167 10.2167",108,6.86081951877987,418.509990645572,11
1978,"49.95 11.1667",114,5.0065572651439,305.399993173778,12
1978,"50 8.71667",105,7.89885228246328,481.82998923026,13
1978,"50.3 10.4667",114,5.85016380366488,356.859992023557,14
1978,"50.4167 10.3833",117,5.85016380366488,356.859992023557,15
1978,"50.5167 8.81667",95,6.19426215662942,377.849991554394,16
1978,"52.4 9.45",124,6.35245887440492,387.4999913387,17
1979,"48.4333 10.4167",136,5.30213102902912,323.429992770776,1
1979,"48.5833 12.1833",111,5.31311463534099,324.099992755801,2
1979,"48.7167 9.21667",113,5.67049167653332,345.899992268533,3
1979,"48.8333 12.9667",107,4.22081957778848,257.469994245097,4
1979,"48.8833 12.6",114,5.37032774881628,327.589992677793,5
1979,"49.1667 11.45",115,5.01819660914604,306.109993157908,6
1979,"49.3333 10.8",134,5.43245889496852,331.37999259308,7
1979,"49.4 11.4",128,4.85852448156745,296.369993375614,8
1979,"49.45 10.3167",114,5.24409824344101,319.889992849901,9
1979,"49.4667 9.58333",115,5.6455736443034,344.379992302507,10
1979,"49.7167 10.2167",116,6.12819658433561,373.819991644472,11
1979,"49.95 11.1667",114,4.60377038890099,280.82999372296,12
1979,"50 8.71667",105,6.92655722222856,422.519990555942,13
1979,"50.3 10.4667",137,5.01557365838499,305.949993161485,14
1979,"50.4167 10.3833",118,5.01557365838499,305.949993161485,15
1979,"50.5167 8.81667",132,5.17950808095028,315.949992937967,16
1979,"52.4 9.45",126,5.56852446569771,339.67999240756,17
1980,"48.4333 10.4167",142,4.73491792695322,288.829993544147,1
1980,"48.5833 12.1833",108,4.44163924498392,270.939993944019,2
1980,"48.7167 9.21667",109,5.26245889876832,321.009992824867,3
1980,"48.8333 12.9667",110,3.66426221317932,223.519995003939,4
1980,"48.8833 12.6",113,4.6622949777568,284.399993643165,5
1980,"49.1667 11.45",125,4.49147530944377,273.97999387607,6
1980,"49.3333 10.8",133,5.03426218255743,307.089993136003,7
1980,"49.4 11.4",124,4.37131137770341,266.649994039908,8
1980,"49.45 10.3167",125,4.82065562995486,294.059993427247,9
1980,"49.4667 9.58333",108,5.53475397464926,337.619992453605,10
1980,"49.7167 10.2167",112,5.7640982318181,351.609992140904,11
1980,"49.95 11.1667",117,4.20918023378634,256.759994260967,12
1980,"50 8.71667",104,7.15475393843944,436.439990244806,13
1980,"50.3 10.4667",138,5.05311464115245,308.239993110299,14
1980,"50.4167 10.3833",109,5.05311464115245,308.239993110299,15
1980,"50.5167 8.81667",122,5.38245889608611,328.329992661253,16
1980,"52.4 9.45",125,5.48606545114737,334.64999251999,17
1981,"48.4333 10.4167",117,7.64311458326144,466.229989578948,1
1981,"48.5833 12.1833",94,7.68950802484741,469.059989515692,2
1981,"48.7167 9.21667",99,8.26049161864231,503.889988737181,3
1981,"48.8333 12.9667",95,6.41245887306382,391.159991256893,4
1981,"48.8833 12.6",105,7.43622934198404,453.609989861026,5
1981,"49.1667 11.45",99,7.30131131221281,445.379990044981,6
1981,"49.3333 10.8",108,7.8090162188975,476.349989352748,7
1981,"49.4 11.4",98,7.11393426722068,433.949990300462,8
1981,"49.45 10.3167",100,7.57049163406501,461.799989677966,9
1981,"49.4667 9.58333",98,7.88458998770011,480.959989249706,10
1981,"49.7167 10.2167",95,8.38147522249549,511.269988572225,11
1981,"49.95 11.1667",99,7.1001637757252,433.109990319237,12
1981,"50 8.71667",94,9.44032765784469,575.859987128526,13
1981,"50.3 10.4667",115,7.34885229475674,448.279989980161,14
1981,"50.4167 10.3833",99,7.34885229475674,448.279989980161,15
1981,"50.5167 8.81667",95,7.78737687511889,475.029989382252,16
1981,"52.4 9.45",95,7.86295064392149,479.639989279211,17
1982,"48.4333 10.4167",138,5.01098349455317,305.669993167743,1
1982,"48.5833 12.1833",114,5.30672119286095,323.709992764518,2
1982,"48.7167 9.21667",112,5.70737692161051,348.149992218241,3
1982,"48.8333 12.9667",112,4.04459007353079,246.719994485378,4
1982,"48.8833 12.6",115,5.10819660713438,311.599993035197,5
1982,"49.1667 11.45",127,4.81032776133325,293.429993441328,6
1982,"49.3333 10.8",121,5.13344250820944,313.139993000776,7
1982,"49.4 11.4",130,4.56409825864019,278.409993777052,8
1982,"49.45 10.3167",124,5.04147529715031,307.529993126169,9
1982,"49.4667 9.58333",110,5.25983594800727,320.849992828444,10
1982,"49.7167 10.2167",109,5.95704904717745,363.379991877824,11
1982,"49.95 11.1667",134,4.65901628930549,284.199993647635,12
1982,"50 8.71667",109,7.26442606713562,443.129990095273,13
1982,"50.3 10.4667",126,5.14950808162084,314.119992978871,14
1982,"50.4167 10.3833",113,5.14950808162084,314.119992978871,15
1982,"50.5167 8.81667",105,5.31918020897591,324.46999274753,16
1982,"52.4 9.45",117,6.00360642318599,366.219991814345,17
1983,"48.4333 10.4167",120,6.65262280212196,405.809990929439,1
1983,"48.5833 12.1833",110,6.7185244399932,409.829990839585,2
1983,"48.7167 9.21667",112,6.93606541873735,423.099990542978,3
1983,"48.8333 12.9667",112,5.75852446145088,351.269992148503,4
1983,"48.8833 12.6",106,6.73836050512361,411.03999081254,5
1983,"49.1667 11.45",114,6.26180313872631,381.969991462305,6
1983,"49.3333 10.8",119,6.76016378332479,412.369990782812,7
1983,"49.4 11.4",114,6.11803265013656,373.19999165833,8
1983,"49.45 10.3167",120,6.63262280256899,404.589990956709,9
1983,"49.4667 9.58333",111,6.8101637822072,415.419990714639,10
1983,"49.7167 10.2167",110,7.15655721708766,436.549990242347,11
1983,"49.95 11.1667",114,5.91754085133921,360.969991931692,12
1983,"50 8.71667",111,7.97885228067514,486.709989121184,13
1983,"50.3 10.4667",120,6.28065559732133,383.119991436601,14
1983,"50.4167 10.3833",119,6.28065559732133,383.119991436601,15
1983,"50.5167 8.81667",105,6.43934411836452,392.799991220236,16
1983,"52.4 9.45",110,7.20114738002542,439.269990181551,17
1984,"48.4333 10.4167",124,3.89081958516455,237.339994695038,1
1984,"48.5833 12.1833",112,4.46672121163641,272.469993909821,2
1984,"48.7167 9.21667",114,4.59786874968864,280.469993731007,3
1984,"48.8333 12.9667",118,3.57901631344537,218.319995120168,4
1984,"48.8833 12.6",118,4.49262285040172,274.049993874505,5
1984,"49.1667 11.45",123,4.08836056435572,249.389994425699,6
1984,"49.3333 10.8",126,4.27442613396733,260.739994172007,7
1984,"49.4 11.4",123,3.77639335821398,230.359994851053,8
1984,"49.45 10.3167",124,4.19262285710724,255.749994283542,9
1984,"49.4667 9.58333",124,4.49639334212072,274.279993869364,10
1984,"49.7167 10.2167",114,4.93704906997622,301.159993268549,11
1984,"49.95 11.1667",123,3.77557368610115,230.30999485217,12
1984,"50 8.71667",111,6.01491789834299,366.909991798922,13
1984,"50.3 10.4667",138,4.23114744641009,258.099994231015,14
1984,"50.4167 10.3833",121,4.23114744641009,258.099994231015,15
1984,"50.5167 8.81667",108,4.49950809614947,274.469993865117,16
1984,"52.4 9.45",114,5.28065561967306,322.119992800057,17
1985,"48.4333 10.4167",112,5.10213103349946,311.229993043467,1
1985,"48.5833 12.1833",107,5.26721299702271,321.299992818385,2
1985,"48.7167 9.21667",110,5.67639331574567,346.259992260486,3
1985,"48.8333 12.9667",110,4.25885236382362,259.789994193241,4
1985,"48.8833 12.6",120,5.23311463712913,319.219992864877,5
1985,"49.1667 11.45",114,4.86622939942802,296.839993365109,6
1985,"49.3333 10.8",120,5.20803267047664,317.689992899075,7
1985,"49.4 11.4",112,4.75377038554823,289.979993518442,8
1985,"49.45 10.3167",111,4.96639333161541,302.94999322854,9
1985,"49.4667 9.58333",112,5.51180315549012,336.219992484897,10
1985,"49.7167 10.2167",103,5.93590150666652,362.089991906658,11
1985,"49.95 11.1667",112,4.66360645313732,284.479993641377,12
1985,"50 8.71667",104,7.35163917994035,448.449989976361,13
1985,"50.3 10.4667",127,4.99868841286077,304.919993184507,14
1985,"50.4167 10.3833",111,4.99868841286077,304.919993184507,15
1985,"50.5167 8.81667",102,5.55426217093453,338.809992427006,16
1985,"52.4 9.45",112,5.87622937685276,358.449991988018,17
1986,"48.4333 10.4167",121,5.06672119822536,309.069993091747,1
1986,"48.5833 12.1833",114,5.65721298830553,345.089992286637,2
1986,"48.7167 9.21667",119,5.19032775283959,316.609992923215,3
1986,"48.8333 12.9667",117,4.90770480833704,299.369993308559,4
1986,"48.8833 12.6",120,5.62557364475043,343.159992329776,5
1986,"49.1667 11.45",119,5.221475293127,318.509992880747,6
1986,"49.3333 10.8",118,5.39540971546877,329.119992643595,7
1986,"49.4 11.4",117,5.14442611452131,313.8099929858,8
1986,"49.45 10.3167",123,4.99295070807098,304.56999319233,9
1986,"49.4667 9.58333",122,5.4065572562032,329.799992628395,10
1986,"49.7167 10.2167",117,5.63377036587869,343.6599923186,11
1986,"49.95 11.1667",123,4.8199998922646,294.019993428141,12
1986,"50 8.71667",121,6.52098346080203,397.779991108924,13
1986,"50.3 10.4667",130,4.83934415412731,295.199993401766,14
1986,"50.4167 10.3833",121,4.83934415412731,295.199993401766,15
1986,"50.5167 8.81667",115,4.72344251737365,288.129993559793,16
1986,"52.4 9.45",119,5.42786873113669,331.099992599338,17
1987,"48.4333 10.4167",117,5.39606545315903,329.159992642701,1
1987,"48.5833 12.1833",109,5.53081954850769,337.379992458969,2
1987,"48.7167 9.21667",114,5.83754085312735,356.089992040768,3
1987,"48.8333 12.9667",112,4.37196711539367,266.689994039014,4
1987,"48.8833 12.6",108,5.33377037258422,325.359992727637,5
1987,"49.1667 11.45",115,5.12918021322274,312.879993006587,6
1987,"49.3333 10.8",112,5.47131135311649,333.749992540106,7
1987,"49.4 11.4",114,4.88721300551637,298.119993336499,8
1987,"49.45 10.3167",115,5.39557364989133,329.129992643371,9
1987,"49.4667 9.58333",115,5.77868839542641,352.499992121011,10
1987,"49.7167 10.2167",114,6.1490162560014,375.089991616085,11
1987,"49.95 11.1667",116,4.87311464517576,297.259993355721,12
1987,"50 8.71667",111,7.32131131176577,446.599990017712,13
1987,"50.3 10.4667",124,5.08836054200398,310.389993062243,14
1987,"50.4167 10.3833",119,5.08836054200398,310.389993062243,15
1987,"50.5167 8.81667",110,5.69327856126989,347.289992237464,16
1987,"52.4 9.45",110,5.94999986700714,362.949991887435,17
1988,"48.4333 10.4167",114,5.62967200531456,343.409992324188,1
1988,"48.5833 12.1833",109,5.88180314721998,358.789991980419,2
1988,"48.7167 9.21667",110,6.08081953621424,370.929991709068,3
1988,"48.8333 12.9667",114,4.61868842135443,281.73999370262,4
1988,"48.8833 12.6",101,5.7050818396946,348.00999222137,5
1988,"49.1667 11.45",110,5.30819660266403,323.799992762506,6
1988,"49.3333 10.8",110,5.63131134954021,343.509992321953,7
1988,"49.4 11.4",114,5.02459005162608,306.499993149191,8
1988,"49.45 10.3167",112,5.2847539802372,322.369992794469,9
1988,"49.4667 9.58333",114,5.93508183455369,362.039991907775,10
1988,"49.7167 10.2167",110,6.14295068236648,374.719991624355,11
1988,"49.95 11.1667",120,5.04196710041801,307.559993125498,12
1988,"50 8.71667",110,7.30852442680568,445.819990035147,13
1988,"50.3 10.4667",122,5.21278676873104,317.979992892593,14
1988,"50.4167 10.3833",112,5.21278676873104,317.979992892593,15
1988,"50.5167 8.81667",109,5.38426217473433,328.439992658794,16
1988,"52.4 9.45",111,5.84868839386179,356.769992025569,17
1989,"48.4333 10.4167",101,7.0685244321701,431.179990362376,1
1989,"48.5833 12.1833",90,7.53540966763603,459.659989725798,2
1989,"48.7167 9.21667",93,7.55606540487926,460.919989697635,3
1989,"48.8333 12.9667",94,6.45459001966309,393.729991199449,4
1989,"48.8833 12.6",96,7.34786868822135,448.219989981502,5
1989,"49.1667 11.45",94,6.76409820946636,412.609990777448,6
1989,"49.3333 10.8",91,6.96475394268627,424.849990503863,7
1989,"49.4 11.4",99,6.66131132651792,406.339990917593,8
1989,"49.45 10.3167",95,6.76934411098845,412.929990770295,9
1989,"49.4667 9.58333",103,7.15377033190405,436.379990246147,10
1989,"49.7167 10.2167",88,7.51639327461847,458.499989751726,11
1989,"49.95 11.1667",105,6.36557362821014,388.299991320819,12
1989,"50 8.71667",92,8.48868833485319,517.809988426044,13
1989,"50.3 10.4667",125,6.43409821684243,392.479991227388,14
1989,"50.4167 10.3833",100,6.43409821684243,392.479991227388,15
1989,"50.5167 8.81667",101,6.98098345052023,425.839990481734,16
1989,"52.4 9.45",99,7.544098192032,460.189989713952,17
1990,"48.4333 10.4167",102,6.34786871057309,387.219991344959,1
1990,"48.5833 12.1833",94,7.05557361278744,430.389990380034,2
1990,"48.7167 9.21667",89,7.1313113160126,435.009990276769,3
1990,"48.8333 12.9667",87,5.84245888580431,356.389992034063,4
1990,"48.8833 12.6",96,6.84098345364948,417.299990672618,5
1990,"49.1667 11.45",94,6.45377034755027,393.679991200566,6
1990,"49.3333 10.8",82,6.71491788269677,409.609990844503,7
1990,"49.4 11.4",92,6.30213100667738,384.42999140732,8
1990,"49.45 10.3167",92,6.46508182270727,394.369991185144,9
1990,"49.4667 9.58333",96,7.04770476050431,429.909990390763,10
1990,"49.7167 10.2167",84,7.52868835631086,459.249989734963,11
1990,"49.95 11.1667",106,6.14721297735318,374.979991618544,12
1990,"50 8.71667",85,8.60918013543868,525.159988261759,13
1990,"50.3 10.4667",116,6.5688523121911,400.699991043657,14
1990,"50.4167 10.3833",93,6.5688523121911,400.699991043657,15
1990,"50.5167 8.81667",91,7.20786869135059,439.679990172386,16
1990,"52.4 9.45",82,7.852950644145,479.029989292845,17
1991,"48.4333 10.4167",104,6.40524575847094,390.719991266727,1
1991,"48.5833 12.1833",109,6.49737690395263,396.339991141111,2
1991,"48.7167 9.21667",93,7.03950803937604,429.409990401938,3
1991,"48.8333 12.9667",98,5.6767211845908,346.279992260039,4
1991,"48.8833 12.6",107,6.41278674190895,391.179991256446,5
1991,"49.1667 11.45",99,6.32540969468165,385.84999137558,6
1991,"49.3333 10.8",96,6.60081952459133,402.649991000071,7
1991,"49.4 11.4",106,6.11426215841756,372.969991663471,8
1991,"49.45 10.3167",101,6.34163920251561,386.839991353452,9
1991,"49.4667 9.58333",101,6.90213099326633,421.029990589246,10
1991,"49.7167 10.2167",106,6.99180312240954,426.499990466982,11
1991,"49.95 11.1667",105,5.87655724569789,358.469991987571,12
1991,"50 8.71667",95,8.47360636797718,516.889988446608,13
1991,"50.3 10.4667",120,6.00819658701781,366.499991808086,14
1991,"50.4167 10.3833",114,6.00819658701781,366.499991808086,15
1991,"50.5167 8.81667",103,6.70819657137159,409.199990853667,16
1991,"52.4 9.45",104,7.89426211863145,481.549989236519,17
1992,"48.4333 10.4167",116,6.01672117699121,367.019991796464,1
1992,"48.5833 12.1833",112,6.02606543907743,367.589991783723,2
1992,"48.7167 9.21667",108,6.66196706420818,406.379990916699,3
1992,"48.8333 12.9667",112,4.7765572702848,291.369993487373,4
1992,"48.8833 12.6",112,5.98540970228124,365.109991839156,5
1992,"49.1667 11.45",112,5.61131134998725,342.289992349222,6
1992,"49.3333 10.8",115,6.25868838469757,381.779991466552,7
1992,"49.4 11.4",114,5.52524577814047,337.039992466569,8
1992,"49.45 10.3167",102,6.05852445474536,369.569991739467,9
1992,"49.4667 9.58333",103,6.53327854249443,398.52999109216,10
1992,"49.7167 10.2167",114,6.63163919603361,404.52999095805,11
1992,"49.95 11.1667",118,5.49508184438846,335.199992507696,12
1992,"50 8.71667",101,8.10147522875398,494.189988953992,13
1992,"50.3 10.4667",130,5.72983593750196,349.519992187619,14
1992,"50.4167 10.3833",115,5.72983593750196,349.519992187619,15
1992,"50.5167 8.81667",102,6.30131133456455,384.379991408437,16
1992,"52.4 9.45",102,7.12721295544847,434.759990282357,17
1993,"48.4333 10.4167",110,6.92360640262238,422.339990559965,1
1993,"48.5833 12.1833",109,6.99622935181881,426.769990460947,2
1993,"48.7167 9.21667",108,7.55360638854079,460.769989700988,3
1993,"48.8333 12.9667",113,5.93196708052495,361.849991912022,4
1993,"48.8833 12.6",113,6.97540968015302,425.499990489334,5
1993,"49.1667 11.45",109,6.71868837441577,409.839990839362,6
1993,"49.3333 10.8",111,7.27081950961566,443.519990086555,7
1993,"49.4 11.4",110,6.52950805077543,398.299991097301,8
1993,"49.45 10.3167",108,7.20131131444798,439.279990181327,9
1993,"49.4667 9.58333",107,7.64032769807782,466.059989582747,10
1993,"49.7167 10.2167",110,7.77311458035571,474.159989401698,11
1993,"49.95 11.1667",114,7.07409820253732,431.519990354776,12
1993,"50 8.71667",104,8.97049160277257,547.199987769127,13
1993,"50.3 10.4667",111,7.0326227936283,428.989990411326,14
1993,"50.4167 10.3833",113,7.0326227936283,428.989990411326,15
1993,"50.5167 8.81667",106,7.4378686862097,453.709989858792,16
1993,"52.4 9.45",98,7.93327851120199,483.929989183321,17
1994,"48.4333 10.4167",107,7.49573753737524,457.23998977989,1
1994,"48.5833 12.1833",99,7.57065556848758,461.809989677742,2
1994,"48.7167 9.21667",98,7.88278670905189,480.849989252165,3
1994,"48.8333 12.9667",111,6.19180314029094,377.699991557747,4
1994,"48.8833 12.6",100,7.44213098119639,453.96998985298,5
1994,"49.1667 11.45",108,6.85081951900339,417.899990659207,6
1994,"49.3333 10.8",106,7.22032770746555,440.439990155399,7
1994,"49.4 11.4",110,6.56721296796544,400.599991045892,8
1994,"49.45 10.3167",96,6.9962293518188,426.769990460947,9
1994,"49.4667 9.58333",102,7.6234424525536,465.02998960577,10
1994,"49.7167 10.2167",112,7.63737687847165,465.879989586771,11
1994,"49.95 11.1667",115,6.7398359149267,411.129990810528,12
1994,"50 8.71667",93,9.00524570035641,549.319987721741,13
1994,"50.3 10.4667",113,6.82213099505447,416.149990698323,14
1994,"50.4167 10.3833",115,6.82213099505447,416.149990698323,15
1994,"50.5167 8.81667",109,7.33245885250021,447.279990002513,16
1994,"52.4 9.45",106,7.94295064213334,484.519989170134,17
1995,"48.4333 10.4167",112,5.81295068974255,354.589992074296,1
1995,"48.5833 12.1833",108,6.12081953532017,373.36999165453,2
1995,"48.7167 9.21667",102,6.32180313738521,385.629991380498,3
1995,"48.8333 12.9667",113,5.08786873873629,310.359993062913,4
1995,"48.8833 12.6",105,6.22672117229734,379.829991510138,5
1995,"49.1667 11.45",109,5.76229495316988,351.499992143363,6
1995,"49.3333 10.8",110,5.8831146226005,358.86999197863,7
1995,"49.4 11.4",112,5.72704905231835,349.349992191419,8
1995,"49.45 10.3167",108,5.66803266019484,345.749992271885,9
1995,"49.4667 9.58333",112,6.2949178920845,383.989991417155,10
1995,"49.7167 10.2167",114,6.54131132920013,399.019991081208,11
1995,"49.95 11.1667",114,5.82868839430882,355.549992052838,12
1995,"50 8.71667",104,7.61852441987664,464.729989612475,13
1995,"50.3 10.4667",113,5.92049167094539,361.149991927669,14
1995,"50.4167 10.3833",114,5.92049167094539,361.149991927669,15
1995,"50.5167 8.81667",108,6.08081953621424,370.929991709069,16
1995,"52.4 9.45",100,6.30065559687429,384.339991409332,17
1996,"48.4333 10.4167",114,5.24983594823079,320.239992842078,1
1996,"48.5833 12.1833",104,5.10819660713438,311.599993035197,2
1996,"48.7167 9.21667",110,5.91213101539456,360.639991939068,3
1996,"48.8333 12.9667",115,4.1385244976607,252.449994357303,4
1996,"48.8833 12.6",113,5.01868841241373,306.139993157238,5
1996,"49.1667 11.45",112,4.81409825305226,293.659993436188,6
1996,"49.3333 10.8",111,4.84983595717149,295.839993387461,7
1996,"49.4 11.4",114,4.65622940412188,284.029993651435,8
1996,"49.45 10.3167",111,4.97262283967289,303.329993220046,9
1996,"49.4667 9.58333",110,5.62704905455352,343.249992327765,10
1996,"49.7167 10.2167",112,5.51639331932195,336.499992478639,11
1996,"49.95 11.1667",115,4.79065563062542,292.22999346815,12
1996,"50 8.71667",110,6.88967197715137,420.269990606233,13
1996,"50.3 10.4667",115,4.80098349924703,292.859993454069,14
1996,"50.4167 10.3833",114,4.80098349924703,292.859993454069,15
1996,"50.5167 8.81667",110,5.29245889809776,322.839992783964,16
1996,"52.4 9.45",109,5.56868840012027,339.689992407337,17
1997,"48.4333 10.4167",102,6.17360641938619,376.589991582558,1
1997,"48.5833 12.1833",108,5.99721298070594,365.829991823062,2
1997,"48.7167 9.21667",94,7.05098344895561,430.109990386292,3
1997,"48.8333 12.9667",107,4.80737694172708,293.249993445352,4
1997,"48.8833 12.6",99,5.94950806373944,362.919991888106,5
1997,"49.1667 11.45",92,5.72901626538913,349.469992188737,6
1997,"49.3333 10.8",92,6.15983592789071,375.749991601333,7
1997,"49.4 11.4",115,5.64999987371266,344.649992296472,8
1997,"49.45 10.3167",83,6.14147527256339,374.629991626367,9
1997,"49.4667 9.58333",89,6.85606542052549,418.219990652055,10
1997,"49.7167 10.2167",106,6.84573755190387,417.589990666136,11
1997,"49.95 11.1667",115,5.89344249122211,359.499991964549,12
1997,"50 8.71667",88,8.46311456493301,516.249988460914,13
1997,"50.3 10.4667",102,6.1362293710413,374.309991633519,14
1997,"50.4167 10.3833",101,6.1362293710413,374.309991633519,15
1997,"50.5167 8.81667",91,6.84934410920031,417.809990661219,16
1997,"52.4 9.45",96,6.83065558502787,416.6699906867,17
1998,"48.4333 10.4167",107,6.81147525758773,415.499990712851,1
1998,"48.5833 12.1833",105,6.92573755011573,422.46999055706,2
1998,"48.7167 9.21667",100,7.25918016561353,442.809990102425,3
1998,"48.8333 12.9667",104,5.96098347331901,363.61999187246,4
1998,"48.8833 12.6",104,6.99049164702902,426.41999046877,5
1998,"49.1667 11.45",101,6.548524443793,399.459991071373,6
1998,"49.3333 10.8",100,6.80147525781124,414.889990726486,7
1998,"49.4 11.4",110,6.52377034598565,397.949991105125,8
1998,"49.45 10.3167",94,6.6368850975557,404.849990950898,9
1998,"49.4667 9.58333",100,7.27245885384131,443.61999008432,10
1998,"49.7167 10.2167",100,7.42590147336243,452.979989875108,11
1998,"49.95 11.1667",114,6.63426214679465,404.689990954474,12
1998,"50 8.71667",94,8.61590144676386,525.569988252595,13
1998,"50.3 10.4667",110,6.71163919424547,409.409990848973,14
1998,"50.4167 10.3833",105,6.71163919424547,409.409990848973,15
1998,"50.5167 8.81667",102,7.01672115463946,428.019990433007,16
1998,"52.4 9.45",92,7.80704900582672,476.22998935543,17
1999,"48.4333 10.4167",115,6.70426214523003,408.959990859032,1
1999,"48.5833 12.1833",113,7.23950803490569,441.609990129247,2
1999,"48.7167 9.21667",103,7.46213098074936,455.189989825711,3
1999,"48.8333 12.9667",104,5.9577047848677,363.41999187693,4
1999,"48.8833 12.6",100,7.20770475692803,439.66999017261,5
1999,"49.1667 11.45",96,6.70950804675212,409.279990851879,6
1999,"49.3333 10.8",101,7.13622934868956,435.309990270063,7
1999,"49.4 11.4",101,6.75934411121196,412.31999078393,8
1999,"49.45 10.3167",95,7.00770476139837,427.469990445301,9
1999,"49.4667 9.58333",99,7.35901622895579,448.899989966303,10
1999,"49.7167 10.2167",107,7.53590147090373,459.689989725128,11
1999,"49.95 11.1667",109,6.6878687029735,407.959990881384,12
1999,"50 8.71667",96,8.87229488365597,541.209987903014,13
1999,"50.3 10.4667",101,6.82262279832217,416.179990697652,14
1999,"50.4167 10.3833",99,6.82262279832217,416.179990697652,15
1999,"50.5167 8.81667",94,7.38393426118572,450.419989932329,16
1999,"52.4 9.45",90,8.1419670311276,496.659988898784,17
2000,"48.4333 10.4167",113,7.17868836413397,437.899990212172,1
2000,"48.5833 12.1833",100,7.3896719659755,450.769989924505,2
2000,"48.7167 9.21667",102,8.13655719518295,496.32998890616,3
2000,"48.8333 12.9667",108,6.67819657204215,407.369990894571,4
2000,"48.8833 12.6",102,7.81983589078681,477.009989337995,5
2000,"49.1667 11.45",104,7.39311458884937,450.979989919811,6
2000,"49.3333 10.8",108,7.64639327171274,466.429989574477,7
2000,"49.4 11.4",111,7.37147524507075,449.659989949316,8
2000,"49.45 10.3167",92,7.39803262152632,451.279989913106,9
2000,"49.4667 9.58333",108,7.95983588765757,485.549989147112,10
2000,"49.7167 10.2167",111,8.23049161931286,502.059988778085,11
2000,"49.95 11.1667",111,7.33590147537408,447.489989997819,12
2000,"50 8.71667",100,9.33524569298034,569.449987271801,13
2000,"50.3 10.4667",110,7.54983589682178,460.539989706129,14
2000,"50.4167 10.3833",108,7.54983589682178,460.539989706129,15
2000,"50.5167 8.81667",99,8.0078686734692,488.479989081621,16
2000,"52.4 9.45",93,8.29131129008458,505.76998869516,17
2001,"48.4333 10.4167",119,6.42442608591108,391.889991240576,1
2001,"48.5833 12.1833",100,6.29295067901372,383.869991419837,2
2001,"48.7167 9.21667",99,7.07163918619884,431.369990358129,3
2001,"48.8333 12.9667",113,5.50885233588395,336.039992488921,4
2001,"48.8833 12.6",114,6.57245886948753,400.91999103874,5
2001,"49.1667 11.45",102,6.00426216087625,366.259991813451,6
2001,"49.3333 10.8",115,6.24360641782157,380.859991487116,7
2001,"49.4 11.4",119,5.95721298160001,363.389991877601,8
2001,"49.45 10.3167",94,6.05770478263253,369.519991740584,9
2001,"49.4667 9.58333",113,6.6831146047191,407.669990887865,10
2001,"49.7167 10.2167",114,6.71508181711934,409.61999084428,11
2001,"49.95 11.1667",120,5.68999987281859,347.089992241934,12
2001,"50 8.71667",101,7.78196703917423,474.699989389628,13
2001,"50.3 10.4667",116,5.74540970764566,350.469992166385,14
2001,"50.4167 10.3833",117,5.74540970764566,350.469992166385,15
2001,"50.5167 8.81667",114,5.83836052524017,356.139992039651,16
2001,"52.4 9.45",112,5.9506556046974,362.989991886541,17
2002,"48.4333 10.4167",106,6.53901624728422,398.879991084337,1
2002,"48.5833 12.1833",98,6.47999985516071,395.279991164803,2
2002,"48.7167 9.21667",93,7.49491786526241,457.189989781007,3
2002,"48.8333 12.9667",97,5.89360642564468,359.509991964325,4
2002,"48.8833 12.6",105,6.75672116045092,412.159990787506,5
2002,"49.1667 11.45",98,6.49770477279776,396.359991140664,6
2002,"49.3333 10.8",96,6.72344247267017,410.12999083288,7
2002,"49.4 11.4",109,6.46852444558115,394.57999118045,8
2002,"49.45 10.3167",92,6.58180313157376,401.489991025999,9
2002,"49.4667 9.58333",95,7.26852442769975,443.379990089685,10
2002,"49.7167 10.2167",94,7.2904916403235,444.719990059734,11
2002,"49.95 11.1667",112,6.38901625063698,389.729991288856,12
2002,"50 8.71667",92,8.55393423503417,521.789988337085,13
2002,"50.3 10.4667",102,6.57868837754502,401.299991030246,14
2002,"50.4167 10.3833",105,6.57868837754502,401.299991030246,15
2002,"50.5167 8.81667",96,6.9613113198124,424.639990508556,16
2002,"52.4 9.45",94,7.44770475156361,454.30998984538,17
2003,"48.4333 10.4167",121,6.60967198340986,403.189990988001,1
2003,"48.5833 12.1833",109,6.60622936053599,402.979990992695,2
2003,"48.7167 9.21667",104,7.72327851589585,471.119989469647,3
2003,"48.8333 12.9667",111,5.69524577434068,347.409992234781,4
2003,"48.8833 12.6",107,6.66688509688514,406.679990909994,5
2003,"49.1667 11.45",108,6.94508181197844,423.649990530685,6
2003,"49.3333 10.8",107,7.05934410450644,430.619990374893,7
2003,"49.4 11.4",108,6.93999984487891,423.339990537614,8
2003,"49.45 10.3167",104,7.08180312039789,431.989990344271,9
2003,"49.4667 9.58333",106,7.74065556468778,472.179989445954,10
2003,"49.7167 10.2167",117,7.81639326791294,476.79998934269,11
2003,"49.95 11.1667",111,6.85475394514496,418.139990653843,12
2003,"50 8.71667",104,9.14442602511434,557.809987531975,13
2003,"50.3 10.4667",115,6.82508181466065,416.3299906943,14
2003,"50.4167 10.3833",110,6.82508181466065,416.3299906943,15
2003,"50.5167 8.81667",100,7.60918015779042,464.159989625215,16
2003,"52.4 9.45",105,7.74016376142008,472.149989446625,17
2004,"48.4333 10.4167",115,6.29606543304246,384.05999141559,1
2004,"48.5833 12.1833",102,6.39229493908828,389.929991284385,2
2004,"48.7167 9.21667",105,6.95950804116418,424.529990511015,3
2004,"48.8333 12.9667",101,5.74377036342,350.36999216862,4
2004,"48.8833 12.6",104,6.68377034240937,407.709990886971,5
2004,"49.1667 11.45",108,6.5726228039101,400.929991038516,6
2004,"49.3333 10.8",108,6.75819657025401,412.249990785494,7
2004,"49.4 11.4",110,6.73049165284047,410.559990823269,8
2004,"49.45 10.3167",105,6.47475395363862,394.959991171956,9
2004,"49.4667 9.58333",105,6.94393427102048,423.579990532249,10
2004,"49.7167 10.2167",106,7.04622935070122,429.819990392774,11
2004,"49.95 11.1667",112,6.4899998549372,395.889991151169,12
2004,"50 8.71667",94,8.34147522338956,508.829988626763,13
2004,"50.3 10.4667",112,6.55393427973766,399.789991063997,14
2004,"50.4167 10.3833",110,6.55393427973766,399.789991063997,15
2004,"50.5167 8.81667",100,7.06983590755062,431.259990360588,16
2004,"52.4 9.45",96,7.75540966271866,473.079989425838,17
2005,"48.4333 10.4167",115,6.93295066470861,422.909990547225,1
2005,"48.5833 12.1833",104,6.56672116469775,400.569991046563,2
2005,"48.7167 9.21667",106,7.49344245545933,457.099989783019,3
2005,"48.8333 12.9667",106,5.7404916749687,350.16999217309,4
2005,"48.8833 12.6",102,6.62868837642743,404.349990962073,5
2005,"49.1667 11.45",106,6.54459001765144,399.219991076738,6
2005,"49.3333 10.8",104,7.02786869537391,428.699990417808,7
2005,"49.4 11.4",113,6.48770477302128,395.749991154298,8
2005,"49.45 10.3167",100,6.86999984644353,419.069990633056,9
2005,"49.4667 9.58333",109,7.4921309800788,457.019989784807,10
2005,"49.7167 10.2167",107,7.60868835452272,464.129989625886,11
2005,"49.95 11.1667",112,7.04770476050431,429.909990390763,12
2005,"50 8.71667",94,8.90032766991463,542.919987864792,13
2005,"50.3 10.4667",108,6.9844260733941,426.04999047704,14
2005,"50.4167 10.3833",107,6.9844260733941,426.04999047704,15
2005,"50.5167 8.81667",103,7.68590146755098,468.83998952061,16
2005,"52.4 9.45",103,7.78655720300606,474.97998938337,17
2006,"48.4333 10.4167",116,5.48442610692172,334.549992522225,1
2006,"48.5833 12.1833",115,5.58311462930602,340.569992387667,2
2006,"48.7167 9.21667",114,5.9388523262727,362.269991902634,3
2006,"48.8333 12.9667",114,4.50245891575564,274.649993861094,4
2006,"48.8833 12.6",114,5.68868839743807,347.009992243722,5
2006,"49.1667 11.45",116,5.37081955208397,327.619992677122,6
2006,"49.3333 10.8",113,5.63114741511765,343.499992322177,7
2006,"49.4 11.4",117,5.14377037683105,313.769992986694,8
2006,"49.45 10.3167",116,5.44442610781579,332.109992576763,9
2006,"49.4667 9.58333",114,5.87721298338815,358.509991986677,10
2006,"49.7167 10.2167",113,6.17475396034415,376.659991580993,11
2006,"49.95 11.1667",122,5.43524578015213,331.54999258928,12
2006,"50 8.71667",107,6.97672115553354,425.579990487546,13
2006,"50.3 10.4667",117,5.05606546075862,308.419993106276,14
2006,"50.4167 10.3833",115,5.05606546075862,308.419993106276,15
2006,"50.5167 8.81667",106,5.22590152253626,318.779992874712,16
2006,"52.4 9.45",106,5.71885233119008,348.849992202595,17
2007,"48.4333 10.4167",108,8.10081949106372,494.149988954887,1
2007,"48.5833 12.1833",98,8.31049161752472,506.939988669008,2
2007,"48.7167 9.21667",102,9.03344242103765,551.039987683296,3
2007,"48.8333 12.9667",100,8.31688506000477,507.329988660291,4
2007,"48.8833 12.6",96,8.85836045773792,540.359987922013,5
2007,"49.1667 11.45",100,8.38885227151093,511.719988562167,6
2007,"49.3333 10.8",96,8.58327849667336,523.579988297075,7
2007,"49.4 11.4",103,8.26016374979718,503.869988737628,8
2007,"49.45 10.3167",94,8.3011473554385,506.369988681749,9
2007,"49.4667 9.58333",102,9.02557356875451,550.559987694025,10
2007,"49.7167 10.2167",97,9.19098340112288,560.649987468496,11
2007,"49.95 11.1667",105,8.42426210678503,513.879988513887,12
2007,"50 8.71667",98,10.3950817348649,634.09998582676,13
2007,"50.3 10.4667",105,8.06327850829627,491.859989006072,14
2007,"50.4167 10.3833",101,8.06327850829627,491.859989006072,15
2007,"50.5167 8.81667",100,8.88967193244788,542.269987879321,16
2007,"52.4 9.45",96,9.5899997856468,584.989986924455,17
2008,"48.4333 10.4167",112,5.95803265371284,363.439991876483,1
2008,"48.5833 12.1833",106,6.13081953509665,373.979991640896,2
2008,"48.7167 9.21667",107,6.4214752663049,391.709991244599,3
2008,"48.8333 12.9667",107,5.43885233744857,331.769992584363,4
2008,"48.8833 12.6",110,6.51672116581534,397.519991114736,5
2008,"49.1667 11.45",103,5.8198359354903,355.009992064908,6
2008,"49.3333 10.8",111,5.95721298160001,363.389991877601,7
2008,"49.4 11.4",110,5.61573757939651,342.559992343187,8
2008,"49.45 10.3167",108,5.73934413401074,350.099992174655,9
2008,"49.4667 9.58333",110,6.32540969468165,385.84999137558,10
2008,"49.7167 10.2167",106,6.63147526161104,404.519990958273,11
2008,"49.95 11.1667",117,5.44262282916757,331.999992579222,12
2008,"50 8.71667",102,7.40885229341563,451.939989898354,13
2008,"50.3 10.4667",114,5.51885233566043,336.649992475286,14
2008,"50.4167 10.3833",112,5.51885233566043,336.649992475286,15
2008,"50.5167 8.81667",108,5.60295069443642,341.779992360622,16
2008,"52.4 9.45",103,6.67590149012623,407.2299908977,17
2009,"48.4333 10.4167",104,7.15295065979122,436.329990247264,1
2009,"48.5833 12.1833",108,7.84770474262291,478.709989299998,2
2009,"48.7167 9.21667",104,7.93688506849843,484.149989178404,3
2009,"48.8333 12.9667",101,7.3291801640489,447.079990006983,4
2009,"48.8833 12.6",100,8.35262276412399,509.509988611564,5
2009,"49.1667 11.45",101,7.54278671665147,460.10998971574,6
2009,"49.3333 10.8",101,7.80442605506568,476.069989359006,7
2009,"49.4 11.4",98,7.42590147336243,452.979989875108,8
2009,"49.45 10.3167",99,7.49704901275577,457.319989778102,9
2009,"49.4667 9.58333",98,8.15688506358105,497.569988878444,10
2009,"49.7167 10.2167",98,8.5386883337356,520.859988357872,11
2009,"49.95 11.1667",101,7.55377032296336,460.779989700765,12
2009,"50 8.71667",95,9.47868831272497,578.199987076223,13
2009,"50.3 10.4667",101,7.69524572963719,469.409989507869,14
2009,"50.4167 10.3833",99,7.69524572963719,469.409989507869,15
2009,"50.5167 8.81667",99,8.07065555731171,492.309988996014,16
2009,"52.4 9.45",99,9.16475389351244,559.049987504259,17
2010,"48.4333 10.4167",120,6.40196707001964,390.519991271198,1
2010,"48.5833 12.1833",105,6.68901624393145,408.029990879819,2
2010,"48.7167 9.21667",109,7.35967196664605,448.939989965409,3
2010,"48.8333 12.9667",107,6.09196707694867,371.609991693869,4
2010,"48.8833 12.6",108,6.95573754944518,424.299990516156,5
2010,"49.1667 11.45",101,6.59786870498516,402.469991004095,6
2010,"49.3333 10.8",109,6.75475394738013,412.039990790188,7
2010,"49.4 11.4",114,6.53475395229752,398.619991090149,8
2010,"49.45 10.3167",104,6.57721296774193,401.209991032258,9
2010,"49.4667 9.58333",104,7.27934409958906,444.039990074933,10
2010,"49.7167 10.2167",101,7.38639327752419,450.569989928976,11
2010,"49.95 11.1667",115,6.29032772825268,383.709991423413,12
2010,"50 8.71667",98,8.28622932298506,505.459988702089,13
2010,"50.3 10.4667",111,6.45508182293079,393.759991198778,14
2010,"50.4167 10.3833",106,6.45508182293079,393.759991198778,15
2010,"50.5167 8.81667",103,6.86147525647014,418.549990644678,16
2010,"52.4 9.45",99,7.64262277999374,466.199989579618,17
